{"accuracy": [0.9185555577278137, 0.9746851921081543, 0.9806481599807739, 0.98416668176651, 0.9857777953147888, 0.9877407550811768, 0.9883888959884644, 0.9904444217681885, 0.9911296367645264, 0.9916666746139526, 0.9915555715560913, 0.992111086845398, 0.9932963252067566, 0.9936666488647461, 0.9942963123321533, 0.9944999814033508, 0.9950555562973022, 0.99529629945755, 0.9954444169998169, 0.995629608631134], "val_accuracy": [0.9818333387374878, 0.9858333468437195, 0.9869999885559082, 0.987333357334137, 0.9904999732971191, 0.9918333292007446, 0.9911666512489319, 0.9913333058357239, 0.9925000071525574, 0.9923333525657654, 0.9926666617393494, 0.9923333525657654, 0.9925000071525574, 0.9923333525657654, 0.9928333163261414, 0.9925000071525574, 0.9923333525657654, 0.9926666617393494, 0.9929999709129333, 0.9931666851043701], "loss": [0.26594215631484985, 0.08400075882673264, 0.06107255443930626, 0.04961291328072548, 0.044393058866262436, 0.03765075281262398, 0.03450506180524826, 0.030091943219304085, 0.027341824024915695, 0.024408232420682907, 0.02415413036942482, 0.022944457828998566, 0.020041394978761673, 0.019439805299043655, 0.017079230397939682, 0.016537904739379883, 0.014850740320980549, 0.013463008217513561, 0.014374441467225552, 0.012915278784930706], "val_loss": [0.0669492557644844, 0.04999902471899986, 0.04379085823893547, 0.040219102054834366, 0.03163237124681473, 0.029741525650024414, 0.029781917110085487, 0.02849331498146057, 0.027041684836149216, 0.028412984684109688, 0.02523547038435936, 0.027260012924671173, 0.027767067775130272, 0.029995355755090714, 0.023865068331360817, 0.0267262551933527, 0.027641352266073227, 0.028421571478247643, 0.024749737232923508, 0.02706930972635746]}